{"cameraMode":{"drawMode":0,"name":"Shaded","section":"Shading Mode"},"sceneLighting":true,"audioPlay":false,"sceneViewState":{"m_AlwaysRefresh":false,"showFog":true,"showSkybox":true,"showFlares":true,"showImageEffects":true,"showParticleSystems":true,"showVisualEffectGraphs":true,"m_FxEnabled":true},"in2DMode":false,"pivot":{"x":332.24237060546877,"y":1.5812666416168213,"z":2.359419345855713},"rotation":{"x":-0.01680213026702404,"y":0.7224150896072388,"z":-0.017565015703439714,"w":-0.6910328269004822},"size":2.001568555831909,"orthographic":false}